Target_Role,Kaggle2_Similar_Roles_Used,Kaggle2_Sample_Count,K2_SERVER_freq,K2_STORAGE_freq,K2_API_freq,K2_UI_freq,K2_STATE_freq,K2_BUILD_freq,K2_INFRA_freq,K2_CONTAINER_freq,K2_CLOUD_freq,K2_STATS_freq,K2_MODEL_freq,K2_PIPELINE_freq,K2_MOBILE_freq,K2_THREAT_freq,K2_HARDENING_freq,K2_TESTDES_freq,K2_TESTAUTO_freq,K2_OBSERV_freq,K2_PERF_freq,K2_FULLSPEC_freq,Kaggle3_Title_Pattern,Kaggle3_JD_Count,K3_SERVER_freq,K3_STORAGE_freq,K3_API_freq,K3_UI_freq,K3_STATE_freq,K3_BUILD_freq,K3_INFRA_freq,K3_CONTAINER_freq,K3_CLOUD_freq,K3_STATS_freq,K3_MODEL_freq,K3_PIPELINE_freq,K3_MOBILE_freq,K3_THREAT_freq,K3_HARDENING_freq,K3_TESTDES_freq,K3_TESTAUTO_freq,K3_OBSERV_freq,K3_PERF_freq,K3_FULLSPEC_freq
Backend Developer,['Backend Developer'],50,1.98,1.0,2.5,0.0,0.0,0.0,0.0,0.0,0.0,0.0,0.0,0.0,0.0,0.0,0.0,0.0,0.0,0.0,0.0,0.0,Backend Developer,20,1.45,1.0,2.45,0.0,0.0,1.4,1.45,1.3,0.95,0.95,0.95,0.95,0.0,0.2,0.2,0.0,0.0,0.0,0.0,0.0
Frontend Developer,"['Frontend Developer', 'Web Developer']",99,0.758,0.0,0.758,3.03,1.515,0.0,0.0,0.0,0.0,0.0,0.0,0.0,0.0,0.0,0.0,0.0,0.0,0.0,0.0,0.0,Frontend Developer,18,1.0,0.0,1.0,4.0,2.0,0.444,0.0,0.0,0.0,0.0,0.0,0.0,0.0,0.0,0.0,0.444,0.444,0.0,0.833,0.0
Full Stack Developer,"['Full Stack Java Developer', 'Full Stack Python Developer']",100,1.52,0.49,1.52,0.75,0.75,0.0,0.48,0.0,0.48,0.5,0.5,0.5,0.0,0.0,0.0,0.0,0.0,0.0,0.0,0.0,Full Stack Developer,20,1.25,1.5,1.75,4.2,2.2,0.9,0.45,0.9,0.0,0.05,0.05,0.05,0.0,0.4,0.4,0.0,0.0,0.0,0.0,1.0
Data Scientist,"['Data Scientist', 'AIML']",75,0.0,0.333,0.0,0.0,0.0,0.0,0.0,0.0,0.0,1.36,2.027,1.0,0.0,0.0,0.0,0.0,0.0,0.0,0.0,0.0,Data Scientist,10,0.4,1.0,0.4,0.0,0.0,0.0,0.5,0.0,0.5,1.9,1.9,1.4,0.0,0.0,0.0,0.0,0.0,0.0,0.0,0.0
Data Engineer,[],0,0.0,0.0,0.0,0.0,0.0,0.0,0.0,0.0,0.0,0.0,0.0,0.0,0.0,0.0,0.0,0.0,0.0,0.0,0.0,0.0,Data Engineer,20,0.55,1.0,0.55,0.0,0.0,0.15,1.15,0.0,1.0,1.0,1.0,1.8,0.0,0.0,0.0,0.0,0.0,0.0,0.1,0.0
Cybersecurity Engineer,['Cybersecurity Engineer'],50,0.0,0.0,0.0,0.0,0.0,0.0,0.0,0.0,0.0,0.0,0.0,0.0,0.0,1.06,0.54,0.52,0.52,0.0,0.0,0.0,Cybersecurity,8,0.0,0.0,0.0,0.0,0.0,0.5,0.75,0.0,0.25,0.5,0.5,0.5,0.0,1.25,0.875,0.375,0.375,0.0,0.0,0.0
DevOps Engineer,"['DevOps Engineer', 'Kubernetes Operations Engineer']",99,0.0,0.0,0.0,0.0,0.0,1.747,2.253,1.253,1.0,0.0,0.0,0.0,0.0,0.0,0.0,0.0,0.0,0.0,0.0,0.0,DevOps Engineer,10,0.1,0.0,0.1,0.0,0.0,4.0,6.0,2.0,3.0,0.9,0.9,0.9,0.0,0.0,0.0,0.0,0.0,0.2,0.0,0.0
Cloud Engineer,[],0,0.0,0.0,0.0,0.0,0.0,0.0,0.0,0.0,0.0,0.0,0.0,0.0,0.0,0.0,0.0,0.0,0.0,0.0,0.0,0.0,Cloud Engineer,22,0.0,0.182,0.0,0.0,0.0,2.227,5.409,1.955,2.909,1.0,1.0,1.0,0.0,0.545,0.545,0.0,0.0,1.364,0.0,0.0
Android Developer,['Mobile Developer'],75,0.333,0.0,0.667,0.0,0.0,0.0,0.0,0.0,0.0,0.0,0.0,0.0,0.667,0.0,0.0,0.0,0.0,0.0,0.0,0.0,Android Developer,9,1.0,0.667,2.0,0.0,0.0,0.333,0.0,0.0,0.0,0.0,0.0,0.0,2.0,0.0,0.0,0.333,0.333,0.0,0.667,0.0
QA / Test Automation Engineer,[],0,0.0,0.0,0.0,0.0,0.0,0.0,0.0,0.0,0.0,0.0,0.0,0.0,0.0,0.0,0.0,0.0,0.0,0.0,0.0,0.0,QA Engineer|Test Automation,37,1.0,0.0,1.189,0.622,0.622,1.027,0.0,0.162,0.0,0.946,0.946,0.946,0.0,0.189,0.189,0.973,1.973,0.0,0.405,0.0
