Target_Role,SOC_Codes_Combined,Num_SOC_Codes,Aggregation,R_weighted_avg,I_weighted_avg,A_weighted_avg,S_weighted_avg,E_weighted_avg,C_weighted_avg,R_normalized,I_normalized,A_normalized,S_normalized,E_normalized,C_normalized,DI_prediger_axis,TP_prediger_axis,Norm_formula,Prediger_DI_formula,Prediger_TP_formula
Backend Developer,15-1252.00(w=0.5) + 15-1251.00(w=0.3) + 15-1254.00(w=0.2),3,Weighted average by role relevance,3.412,5.557,2.564,1.943,2.154,5.592,0.4874,0.7939,0.3663,0.2776,0.3077,0.7989,0.4844,0.7045,value / 7.0,((C+E)-(I+A)+12)/24,((R+C)-(S+E)+12)/24
Frontend Developer,15-1255.00(w=0.55) + 15-1254.00(w=0.45),2,Weighted average by role relevance,2.766,4.939,3.873,2.209,3.054,4.684,0.3951,0.7055,0.5532,0.3156,0.4362,0.6691,0.4552,0.5911,value / 7.0,((C+E)-(I+A)+12)/24,((R+C)-(S+E)+12)/24
Full Stack Developer,15-1252.00(w=0.4) + 15-1254.00(w=0.35) + 15-1255.00(w=0.25),3,Weighted average by role relevance,3.135,5.393,3.163,2.051,2.567,5.108,0.4478,0.7705,0.4519,0.293,0.3666,0.7298,0.4633,0.6511,value / 7.0,((C+E)-(I+A)+12)/24,((R+C)-(S+E)+12)/24
Data Scientist,15-2051.00(w=0.65) + 15-2051.01(w=0.2) + 15-2051.02(w=0.15),3,Weighted average by role relevance,1.846,6.468,2.273,1.872,2.49,5.649,0.2637,0.924,0.3247,0.2674,0.3558,0.8069,0.4749,0.6305,value / 7.0,((C+E)-(I+A)+12)/24,((R+C)-(S+E)+12)/24
Data Engineer,15-1243.00(w=0.45) + 15-1242.00(w=0.3) + 15-1243.01(w=0.25),3,Weighted average by role relevance,2.765,5.18,1.737,2.054,2.851,6.332,0.395,0.74,0.2481,0.2934,0.4072,0.9046,0.5944,0.6747,value / 7.0,((C+E)-(I+A)+12)/24,((R+C)-(S+E)+12)/24
Cybersecurity Engineer,15-1212.00(w=0.55) + 15-1299.05(w=0.45),2,Weighted average by role relevance,3.893,5.463,1.336,1.984,2.764,6.071,0.5561,0.7804,0.1908,0.2834,0.3949,0.8673,0.5849,0.7173,value / 7.0,((C+E)-(I+A)+12)/24,((R+C)-(S+E)+12)/24
DevOps Engineer,15-1244.00(w=0.6) + 15-1241.00(w=0.4),2,Weighted average by role relevance,4.13,4.536,1.5,2.2,3.356,5.732,0.59,0.648,0.2143,0.3143,0.4794,0.8189,0.6272,0.6794,value / 7.0,((C+E)-(I+A)+12)/24,((R+C)-(S+E)+12)/24
Cloud Engineer,15-1241.00(w=0.65) + 15-1244.00(w=0.35),2,Weighted average by role relevance,4.093,4.846,1.812,2.188,3.291,5.452,0.5846,0.6923,0.2589,0.3125,0.4701,0.7789,0.5869,0.6694,value / 7.0,((C+E)-(I+A)+12)/24,((R+C)-(S+E)+12)/24
Android Developer,15-1252.00(w=0.7) + 15-1255.00(w=0.3),2,Weighted average by role relevance,3.304,5.699,3.003,1.927,2.248,5.254,0.472,0.8141,0.429,0.2753,0.3211,0.7506,0.45,0.6826,value / 7.0,((C+E)-(I+A)+12)/24,((R+C)-(S+E)+12)/24
QA / Test Automation Engineer,15-1253.00(w=0.75) + 15-1251.00(w=0.25),2,Weighted average by role relevance,3.692,5.595,1.895,1.643,1.7,5.732,0.5275,0.7993,0.2707,0.2346,0.2429,0.8189,0.4976,0.7534,value / 7.0,((C+E)-(I+A)+12)/24,((R+C)-(S+E)+12)/24
