Target_Role,R,I,A,S,E,C,DI,TP,BD,SA,RO,SERVER,STORAGE,API,UI,STATE,BUILD,INFRA,CONTAINER,CLOUD,STATS,MODEL,PIPELINE,MOBILE,THREAT,HARDENING,TESTDES,TESTAUTO,OBSERV,PERF,FULLSPEC
Backend Developer,0.4874,0.7939,0.3663,0.2776,0.3077,0.7989,0.4844,0.7045,0.35,0.4,0.5,0.95,0.85,0.925,0.075,0.1,0.525,0.475,0.475,0.507,0.432,0.382,0.482,0.025,0.17,0.245,0.2,0.175,0.25,0.35,0.15
Frontend Developer,0.3951,0.7055,0.5532,0.3156,0.4362,0.6691,0.4552,0.5911,0.4,0.55,0.5,0.539,0.125,0.664,0.975,0.925,0.281,0.05,0.05,0.1,0.05,0.05,0.05,0.1,0.025,0.05,0.306,0.281,0.1,0.567,0.175
Full Stack Developer,0.4478,0.7705,0.4519,0.293,0.3666,0.7298,0.4633,0.6511,0.8,0.6,0.5,0.875,0.723,0.875,0.837,0.788,0.54,0.38,0.465,0.297,0.167,0.167,0.267,0.1,0.215,0.24,0.2,0.175,0.2,0.325,0.8
Data Scientist,0.2637,0.924,0.3247,0.2674,0.3558,0.8069,0.4749,0.6305,0.3,0.45,0.5,0.24,0.725,0.29,0.05,0.05,0.075,0.225,0.05,0.3,0.975,0.975,0.8,0.025,0.05,0.05,0.075,0.075,0.125,0.3,0.075
Data Engineer,0.395,0.74,0.2481,0.2934,0.4072,0.9046,0.5944,0.6747,0.45,0.55,0.5,0.46,0.94,0.52,0.03,0.06,0.39,0.67,0.3,0.79,0.73,0.61,0.97,0.03,0.06,0.09,0.09,0.12,0.36,0.43,0.09
Cybersecurity Engineer,0.5561,0.7804,0.1908,0.2834,0.3949,0.8673,0.5849,0.7173,0.55,0.6,0.5,0.225,0.225,0.175,0.025,0.025,0.35,0.512,0.2,0.312,0.275,0.25,0.3,0.025,0.95,0.837,0.359,0.359,0.25,0.25,0.1
DevOps Engineer,0.59,0.648,0.2143,0.3143,0.4794,0.8189,0.6272,0.6794,0.7,0.75,0.5,0.26,0.25,0.26,0.05,0.05,0.975,0.95,0.975,0.875,0.39,0.365,0.59,0.025,0.175,0.25,0.125,0.175,0.52,0.325,0.1
Cloud Engineer,0.5846,0.6923,0.2589,0.3125,0.4701,0.7789,0.5869,0.6694,0.65,0.7,0.5,0.27,0.463,0.33,0.06,0.06,0.85,0.97,0.94,0.97,0.49,0.46,0.76,0.03,0.458,0.548,0.12,0.15,0.88,0.36,0.12
Android Developer,0.472,0.8141,0.429,0.2753,0.3211,0.7506,0.45,0.6826,0.45,0.5,0.5,0.675,0.483,0.725,0.325,0.325,0.242,0.075,0.075,0.125,0.05,0.1,0.075,0.925,0.075,0.125,0.292,0.267,0.125,0.533,0.1
QA / Test Automation Engineer,0.5275,0.7993,0.2707,0.2346,0.2429,0.8189,0.4976,0.7534,0.5,0.25,0.5,0.61,0.24,0.64,0.399,0.399,0.67,0.12,0.185,0.12,0.528,0.468,0.528,0.06,0.256,0.256,0.959,0.97,0.24,0.492,0.12
