Target_Role,Kaggle2_profiles,Kaggle3_JDs,Blend_Formula,SO_SERVER,Calibrated_SERVER,Delta_SERVER,SO_STORAGE,Calibrated_STORAGE,Delta_STORAGE,SO_API,Calibrated_API,Delta_API,SO_UI,Calibrated_UI,Delta_UI,SO_STATE,Calibrated_STATE,Delta_STATE,SO_BUILD,Calibrated_BUILD,Delta_BUILD,SO_INFRA,Calibrated_INFRA,Delta_INFRA,SO_CONTAINER,Calibrated_CONTAINER,Delta_CONTAINER,SO_CLOUD,Calibrated_CLOUD,Delta_CLOUD,SO_STATS,Calibrated_STATS,Delta_STATS,SO_MODEL,Calibrated_MODEL,Delta_MODEL,SO_PIPELINE,Calibrated_PIPELINE,Delta_PIPELINE,SO_MOBILE,Calibrated_MOBILE,Delta_MOBILE,SO_THREAT,Calibrated_THREAT,Delta_THREAT,SO_HARDENING,Calibrated_HARDENING,Delta_HARDENING,SO_TESTDES,Calibrated_TESTDES,Delta_TESTDES,SO_TESTAUTO,Calibrated_TESTAUTO,Delta_TESTAUTO,SO_OBSERV,Calibrated_OBSERV,Delta_OBSERV,SO_PERF,Calibrated_PERF,Delta_PERF,SO_FULLSPEC,Calibrated_FULLSPEC,Delta_FULLSPEC
Backend Developer,50,20,0.50*SO+0.35*K3+0.15*K2,0.9,0.95,0.05,0.7,0.85,0.15,0.85,0.925,0.075,0.15,0.075,-0.075,0.2,0.1,-0.1,0.35,0.525,0.175,0.25,0.475,0.225,0.25,0.475,0.225,0.35,0.507,0.157,0.2,0.432,0.232,0.1,0.382,0.282,0.3,0.482,0.182,0.05,0.025,-0.025,0.2,0.17,-0.03,0.35,0.245,-0.105,0.4,0.2,-0.2,0.35,0.175,-0.175,0.5,0.25,-0.25,0.7,0.35,-0.35,0.3,0.15,-0.15
Frontend Developer,99,18,0.50*SO+0.35*K3+0.15*K2,0.15,0.539,0.389,0.25,0.125,-0.125,0.4,0.664,0.264,0.95,0.975,0.025,0.85,0.925,0.075,0.25,0.281,0.031,0.1,0.05,-0.05,0.1,0.05,-0.05,0.2,0.1,-0.1,0.1,0.05,-0.05,0.1,0.05,-0.05,0.1,0.05,-0.05,0.2,0.1,-0.1,0.05,0.025,-0.025,0.1,0.05,-0.05,0.3,0.306,0.006,0.25,0.281,0.031,0.2,0.1,-0.1,0.55,0.567,0.017,0.35,0.175,-0.175
Full Stack Developer,100,20,0.50*SO+0.35*K3+0.15*K2,0.75,0.875,0.125,0.6,0.723,0.123,0.75,0.875,0.125,0.75,0.837,0.087,0.65,0.788,0.138,0.45,0.54,0.09,0.3,0.38,0.08,0.3,0.465,0.165,0.45,0.297,-0.153,0.15,0.167,0.017,0.15,0.167,0.017,0.35,0.267,-0.083,0.2,0.1,-0.1,0.15,0.215,0.065,0.2,0.24,0.04,0.4,0.2,-0.2,0.35,0.175,-0.175,0.4,0.2,-0.2,0.65,0.325,-0.325,0.9,0.8,-0.1
Data Scientist,75,10,0.50*SO+0.35*K3+0.15*K2,0.2,0.24,0.04,0.65,0.725,0.075,0.3,0.29,-0.01,0.1,0.05,-0.05,0.1,0.05,-0.05,0.15,0.075,-0.075,0.1,0.225,0.125,0.1,0.05,-0.05,0.25,0.3,0.05,0.95,0.975,0.025,0.95,0.975,0.025,0.6,0.8,0.2,0.05,0.025,-0.025,0.1,0.05,-0.05,0.1,0.05,-0.05,0.15,0.075,-0.075,0.15,0.075,-0.075,0.25,0.125,-0.125,0.6,0.3,-0.3,0.15,0.075,-0.075
Data Engineer,0,20,0.60*SO+0.40*K3,0.4,0.46,0.06,0.9,0.94,0.04,0.5,0.52,0.02,0.05,0.03,-0.02,0.1,0.06,-0.04,0.55,0.39,-0.16,0.45,0.67,0.22,0.5,0.3,-0.2,0.65,0.79,0.14,0.55,0.73,0.18,0.35,0.61,0.26,0.95,0.97,0.02,0.05,0.03,-0.02,0.1,0.06,-0.04,0.15,0.09,-0.06,0.15,0.09,-0.06,0.2,0.12,-0.08,0.6,0.36,-0.24,0.65,0.43,-0.22,0.15,0.09,-0.06
Cybersecurity Engineer,50,8,0.50*SO+0.35*K3+0.15*K2,0.45,0.225,-0.225,0.45,0.225,-0.225,0.35,0.175,-0.175,0.05,0.025,-0.025,0.05,0.025,-0.025,0.35,0.35,0.0,0.5,0.512,0.012,0.4,0.2,-0.2,0.45,0.312,-0.138,0.2,0.275,0.075,0.15,0.25,0.1,0.25,0.3,0.05,0.05,0.025,-0.025,0.9,0.95,0.05,0.9,0.837,-0.063,0.3,0.359,0.059,0.3,0.359,0.059,0.5,0.25,-0.25,0.5,0.25,-0.25,0.2,0.1,-0.1
DevOps Engineer,99,10,0.50*SO+0.35*K3+0.15*K2,0.45,0.26,-0.19,0.5,0.25,-0.25,0.45,0.26,-0.19,0.1,0.05,-0.05,0.1,0.05,-0.05,0.95,0.975,0.025,0.9,0.95,0.05,0.95,0.975,0.025,0.75,0.875,0.125,0.15,0.39,0.24,0.1,0.365,0.265,0.55,0.59,0.04,0.05,0.025,-0.025,0.35,0.175,-0.175,0.5,0.25,-0.25,0.25,0.125,-0.125,0.35,0.175,-0.175,0.9,0.52,-0.38,0.65,0.325,-0.325,0.2,0.1,-0.1
Cloud Engineer,0,22,0.60*SO+0.40*K3,0.45,0.27,-0.18,0.65,0.463,-0.187,0.55,0.33,-0.22,0.1,0.06,-0.04,0.1,0.06,-0.04,0.75,0.85,0.1,0.95,0.97,0.02,0.9,0.94,0.04,0.95,0.97,0.02,0.15,0.49,0.34,0.1,0.46,0.36,0.6,0.76,0.16,0.05,0.03,-0.02,0.4,0.458,0.058,0.55,0.548,-0.002,0.2,0.12,-0.08,0.25,0.15,-0.1,0.8,0.88,0.08,0.6,0.36,-0.24,0.2,0.12,-0.08
Android Developer,75,9,0.50*SO+0.35*K3+0.15*K2,0.55,0.675,0.125,0.5,0.483,-0.017,0.55,0.725,0.175,0.65,0.325,-0.325,0.65,0.325,-0.325,0.25,0.242,-0.008,0.15,0.075,-0.075,0.15,0.075,-0.075,0.25,0.125,-0.125,0.1,0.05,-0.05,0.2,0.1,-0.1,0.15,0.075,-0.075,0.95,0.925,-0.025,0.15,0.075,-0.075,0.25,0.125,-0.125,0.35,0.292,-0.058,0.3,0.267,-0.033,0.25,0.125,-0.125,0.6,0.533,-0.067,0.2,0.1,-0.1
QA / Test Automation Engineer,0,37,0.60*SO+0.40*K3,0.35,0.61,0.26,0.4,0.24,-0.16,0.4,0.64,0.24,0.25,0.399,0.149,0.25,0.399,0.149,0.45,0.67,0.22,0.2,0.12,-0.08,0.2,0.185,-0.015,0.2,0.12,-0.08,0.25,0.528,0.278,0.15,0.468,0.318,0.25,0.528,0.278,0.1,0.06,-0.04,0.3,0.256,-0.044,0.3,0.256,-0.044,0.95,0.959,0.009,0.95,0.97,0.02,0.4,0.24,-0.16,0.55,0.492,-0.058,0.2,0.12,-0.08
