Target_Role,SO_DevType_Category,Survey_Year,Approx_Respondents,Source,Published_URL,Note,SERVER,STORAGE,API,UI,STATE,BUILD,INFRA,CONTAINER,CLOUD,STATS,MODEL,PIPELINE,MOBILE,THREAT,HARDENING,TESTDES,TESTAUTO,OBSERV,PERF,FULLSPEC
Backend Developer,"Developer, back-end",2024,90000,Stack Overflow Developer Survey 2024,https://survey.stackoverflow.co/2024/technology,Tech usage rate per DevType derived from published results,0.9,0.7,0.85,0.15,0.2,0.35,0.25,0.25,0.35,0.2,0.1,0.3,0.05,0.2,0.35,0.4,0.35,0.5,0.7,0.3
Frontend Developer,"Developer, front-end",2024,90000,Stack Overflow Developer Survey 2024,https://survey.stackoverflow.co/2024/technology,Tech usage rate per DevType derived from published results,0.15,0.25,0.4,0.95,0.85,0.25,0.1,0.1,0.2,0.1,0.1,0.1,0.2,0.05,0.1,0.3,0.25,0.2,0.55,0.35
Full Stack Developer,"Developer, full-stack",2024,90000,Stack Overflow Developer Survey 2024,https://survey.stackoverflow.co/2024/technology,Tech usage rate per DevType derived from published results,0.75,0.6,0.75,0.75,0.65,0.45,0.3,0.3,0.45,0.15,0.15,0.35,0.2,0.15,0.2,0.4,0.35,0.4,0.65,0.9
Data Scientist,Data scientist or machine learning specialist,2024,90000,Stack Overflow Developer Survey 2024,https://survey.stackoverflow.co/2024/technology,Tech usage rate per DevType derived from published results,0.2,0.65,0.3,0.1,0.1,0.15,0.1,0.1,0.25,0.95,0.95,0.6,0.05,0.1,0.1,0.15,0.15,0.25,0.6,0.15
Data Engineer,Data or business analyst,2024,90000,Stack Overflow Developer Survey 2024,https://survey.stackoverflow.co/2024/technology,Tech usage rate per DevType derived from published results,0.4,0.9,0.5,0.05,0.1,0.55,0.45,0.5,0.65,0.55,0.35,0.95,0.05,0.1,0.15,0.15,0.2,0.6,0.65,0.15
Cybersecurity Engineer,Security professional,2024,90000,Stack Overflow Developer Survey 2024,https://survey.stackoverflow.co/2024/technology,Tech usage rate per DevType derived from published results,0.45,0.45,0.35,0.05,0.05,0.35,0.5,0.4,0.45,0.2,0.15,0.25,0.05,0.9,0.9,0.3,0.3,0.5,0.5,0.2
DevOps Engineer,DevOps specialist,2024,90000,Stack Overflow Developer Survey 2024,https://survey.stackoverflow.co/2024/technology,Tech usage rate per DevType derived from published results,0.45,0.5,0.45,0.1,0.1,0.95,0.9,0.95,0.75,0.15,0.1,0.55,0.05,0.35,0.5,0.25,0.35,0.9,0.65,0.2
Cloud Engineer,Cloud infrastructure engineer,2024,90000,Stack Overflow Developer Survey 2024,https://survey.stackoverflow.co/2024/technology,Tech usage rate per DevType derived from published results,0.45,0.65,0.55,0.1,0.1,0.75,0.95,0.9,0.95,0.15,0.1,0.6,0.05,0.4,0.55,0.2,0.25,0.8,0.6,0.2
Android Developer,"Developer, mobile",2024,90000,Stack Overflow Developer Survey 2024,https://survey.stackoverflow.co/2024/technology,Tech usage rate per DevType derived from published results,0.55,0.5,0.55,0.65,0.65,0.25,0.15,0.15,0.25,0.1,0.2,0.15,0.95,0.15,0.25,0.35,0.3,0.25,0.6,0.2
QA / Test Automation Engineer,QA or test developer,2024,90000,Stack Overflow Developer Survey 2024,https://survey.stackoverflow.co/2024/technology,Tech usage rate per DevType derived from published results,0.35,0.4,0.4,0.25,0.25,0.45,0.2,0.2,0.2,0.25,0.15,0.25,0.1,0.3,0.3,0.95,0.95,0.4,0.55,0.2
