Feature_Code,Meaning,Example_Technologies
SERVER,Server-side logic,"Node.js, Spring Boot, Django, ASP.NET, Express"
STORAGE,Data storage and databases,"PostgreSQL, MySQL, MongoDB, Redis, Cassandra"
API,API design and integration,"REST, GraphQL, Swagger, Postman, OpenAPI"
UI,Frontend UI rendering,"React, Vue.js, Angular, HTML5, CSS3, Tailwind"
STATE,State management,"Redux, Vuex, Context API, MobX, Zustand"
BUILD,Build pipeline and CI/CD,"GitHub Actions, Jenkins, CircleCI, GitLab CI, Travis"
INFRA,Infrastructure as Code,"Terraform, Ansible, Pulumi, CloudFormation, Chef"
CONTAINER,Container orchestration,"Docker, Kubernetes, Helm, Podman, Docker Compose"
CLOUD,Cloud platform services,"AWS, Azure, GCP, DigitalOcean, Heroku"
STATS,Statistical analysis and math,"Python/NumPy/Pandas, R, MATLAB, Jupyter, SAS"
MODEL,ML model building,"TensorFlow, PyTorch, scikit-learn, Keras, XGBoost"
PIPELINE,Data pipeline and ETL,"Apache Spark, Kafka, Airflow, dbt, Flink, Beam"
MOBILE,Mobile client development,"Android SDK, Kotlin, Flutter, React Native, Swift"
THREAT,Threat analysis and offensive security,"Metasploit, Burp Suite, Nmap, Wireshark, Kali"
HARDENING,System hardening and defense,"SIEM, IDS/IPS, Firewalls, CIS Benchmarks, Splunk"
TESTDES,Test case design and QA planning,"TestRail, Zephyr, JIRA, test plans, test matrices"
TESTAUTO,Test automation scripting,"Selenium, Playwright, Cypress, Appium, JUnit, pytest"
OBSERV,Observability and monitoring,"Prometheus, Grafana, Datadog, ELK Stack, New Relic"
PERF,Performance optimization,"JMeter, k6, load testing, profiling, caching strategies"
FULLSPEC,Full-spectrum generalist breadth,Front + back + DB + infra - all layers in one role
