SOC_Code,Occupation_Title,R_Realistic,I_Investigative,A_Artistic,S_Social,E_Enterprising,C_Conventional,Scale_Note,Source,License,Download_URL
15-1252.00,Software Developers,3.61,6.05,2.37,1.81,1.87,5.62,Raw O*NET scale 1.0-7.0,O*NET Database v31.0 (February 2026),CC-BY 4.0 - U.S. Department of Labor,https://www.onetcenter.org/dl_files/database/db_31_0_csv/career_interest_types.csv
15-1251.00,Computer Programmers,3.37,5.1,2.51,1.98,2.09,5.92,Raw O*NET scale 1.0-7.0,O*NET Database v31.0 (February 2026),CC-BY 4.0 - U.S. Department of Labor,https://www.onetcenter.org/dl_files/database/db_31_0_csv/career_interest_types.csv
15-1254.00,Web Developers,2.98,5.01,3.13,2.22,2.96,5.03,Raw O*NET scale 1.0-7.0,O*NET Database v31.0 (February 2026),CC-BY 4.0 - U.S. Department of Labor,https://www.onetcenter.org/dl_files/database/db_31_0_csv/career_interest_types.csv
15-1255.00,Web and Digital Interface Designers,2.59,4.88,4.48,2.2,3.13,4.4,Raw O*NET scale 1.0-7.0,O*NET Database v31.0 (February 2026),CC-BY 4.0 - U.S. Department of Labor,https://www.onetcenter.org/dl_files/database/db_31_0_csv/career_interest_types.csv
15-2051.00,Data Scientists,2.17,6.98,2.61,1.66,1.71,5.39,Raw O*NET scale 1.0-7.0,O*NET Database v31.0 (February 2026),CC-BY 4.0 - U.S. Department of Labor,https://www.onetcenter.org/dl_files/database/db_31_0_csv/career_interest_types.csv
15-2051.01,Business Intelligence Analysts,1.24,5.41,1.93,1.85,4.42,5.79,Raw O*NET scale 1.0-7.0,O*NET Database v31.0 (February 2026),CC-BY 4.0 - U.S. Department of Labor,https://www.onetcenter.org/dl_files/database/db_31_0_csv/career_interest_types.csv
15-2051.02,Clinical Data Managers,1.25,5.66,1.27,2.82,3.3,6.58,Raw O*NET scale 1.0-7.0,O*NET Database v31.0 (February 2026),CC-BY 4.0 - U.S. Department of Labor,https://www.onetcenter.org/dl_files/database/db_31_0_csv/career_interest_types.csv
15-1243.00,Database Architects,2.63,5.63,2.16,1.91,2.68,6.12,Raw O*NET scale 1.0-7.0,O*NET Database v31.0 (February 2026),CC-BY 4.0 - U.S. Department of Labor,https://www.onetcenter.org/dl_files/database/db_31_0_csv/career_interest_types.csv
15-1242.00,Database Administrators,2.83,4.83,1.2,2.29,2.94,6.61,Raw O*NET scale 1.0-7.0,O*NET Database v31.0 (February 2026),CC-BY 4.0 - U.S. Department of Labor,https://www.onetcenter.org/dl_files/database/db_31_0_csv/career_interest_types.csv
15-1243.01,Data Warehousing Specialists,2.93,4.79,1.62,2.03,3.05,6.38,Raw O*NET scale 1.0-7.0,O*NET Database v31.0 (February 2026),CC-BY 4.0 - U.S. Department of Labor,https://www.onetcenter.org/dl_files/database/db_31_0_csv/career_interest_types.csv
15-1212.00,Information Security Analysts,3.56,5.4,1.34,2.11,2.85,6.08,Raw O*NET scale 1.0-7.0,O*NET Database v31.0 (February 2026),CC-BY 4.0 - U.S. Department of Labor,https://www.onetcenter.org/dl_files/database/db_31_0_csv/career_interest_types.csv
15-1299.05,Information Security Engineers,4.3,5.54,1.33,1.83,2.66,6.06,Raw O*NET scale 1.0-7.0,O*NET Database v31.0 (February 2026),CC-BY 4.0 - U.S. Department of Labor,https://www.onetcenter.org/dl_files/database/db_31_0_csv/career_interest_types.csv
15-1244.00,Network and Computer Systems Administrators,4.19,4.04,1.0,2.22,3.46,6.18,Raw O*NET scale 1.0-7.0,O*NET Database v31.0 (February 2026),CC-BY 4.0 - U.S. Department of Labor,https://www.onetcenter.org/dl_files/database/db_31_0_csv/career_interest_types.csv
15-1241.00,Computer Network Architects,4.04,5.28,2.25,2.17,3.2,5.06,Raw O*NET scale 1.0-7.0,O*NET Database v31.0 (February 2026),CC-BY 4.0 - U.S. Department of Labor,https://www.onetcenter.org/dl_files/database/db_31_0_csv/career_interest_types.csv
15-1253.00,Software Quality Assurance Analysts and Testers,3.8,5.76,1.69,1.53,1.57,5.67,Raw O*NET scale 1.0-7.0,O*NET Database v31.0 (February 2026),CC-BY 4.0 - U.S. Department of Labor,https://www.onetcenter.org/dl_files/database/db_31_0_csv/career_interest_types.csv
